HHid,days_registered
21100004,31
21100433,31
21100497,31
21100564,31
21100594,31
21100628,31
21100635,31
21100669,31
21100700,31
21100743,31
21100792,31
21100803,31
21100813,31
21100818,31
21100859,31
21100902,31
21100949,31
21101117,31
21101201,31
21101238,31
21101244,31
21101286,31
21101337,31
21101362,31
21101373,31
21101425,31
21101699,31
21101702,31
21101788,31
21101840,31
21101852,31
21101874,31
21101940,31
21102008,31
21102052,31
21102068,31
21102073,31
21102183,31
21102254,31
21102259,31
21102289,31
21102292,31
21102302,31
21102349,31
21102391,31
21102624,31
21102626,31
21102780,31
21102838,31
21102854,31
21103013,31
21103029,31
21103067,31
21103215,31
21103270,31
21103354,31
21201302,31
21201381,31
21201486,31
21201894,31
21201930,31
21202118,31
21202127,31
21202450,31
21202478,31
21202561,31
21202661,31
21202671,31
21202982,31
21202984,31
21202985,31
21203301,31
21203312,31
22103576,31
22103588,31
22103646,31
22103761,31
22103767,31
22103934,31
22103980,31
22104006,31
22104017,31
22104174,31
22104187,31
22104262,31
22104282,31
22104290,31
22104313,31
22104473,31
22104612,31
22104652,31
22104694,31
22104755,31
22104778,31
22104779,31
22105141,31
22105143,31
22105151,31
22105251,31
22105301,31
22105304,31
22105403,31
22105420,31
22105424,31
22105444,31
22105507,31
22105834,31
22105848,31
22106031,31
22106043,31
22106048,31
22106147,31
22106177,31
22106304,31
22106379,31
22106415,31
22106429,31
22106489,31
22106527,31
22106532,31
22106537,31
22106564,31
22106705,31
22106712,31
22106715,31
22106838,31
22106887,31
22106889,31
22106903,31
22106906,31
22107006,31
22107084,31
22107091,31
22107096,31
22107099,31
22107176,31
22107206,31
22107328,31
22107367,31
22107376,31
22107454,31
22107483,31
22107619,31
22107629,31
22107652,31
22107798,31
22108099,31
22108101,31
22108105,31
22108121,31
22108138,31
22108222,31
22108311,31
22108317,31
22108337,31
22108363,31
22108699,31
22108728,31
22108730,31
22108950,31
22108977,31
22108986,31
22109038,31
22109039,31
22109046,31
22109105,31
22109109,31
22109256,31
22109272,31
22109337,31
22109354,31
22109441,31
22109503,31
22109638,31
22109822,31
22109830,31
22109973,31
22110102,31
22110153,31
22110154,31
22110194,31
22110199,31
22110221,31
22110227,31
22110230,31
22110255,31
22110273,31
22110284,31
22110302,31
22110376,31
22110447,31
22110689,31
22110803,31
22110851,31
22110852,31
22110857,31
22110867,31
22110988,31
22111054,31
22111149,31
22111207,31
22111219,31
22111262,31
22111282,31
22111303,31
22111316,31
22111318,31
22111361,31
22111363,31
22111371,31
22111380,31
22111449,31
22111482,31
22111503,31
22111525,31
22111568,31
22111662,31
22111677,31
22111733,31
22111755,31
22111756,31
22111843,31
22111855,31
22111867,31
22111899,31
22111967,31
22111980,31
22112045,31
22112166,31
22112193,31
22112220,31
22112277,31
22112288,31
22112294,31
22112359,31
22112381,31
22112408,31
22112436,31
22112464,31
22112588,31
22112592,31
22112678,31
22112680,31
22112707,31
22112719,31
22112810,31
22112944,31
22113107,31
22113115,31
22113121,31
22113124,31
22113184,31
22113201,31
22113274,31
22113330,31
22113429,31
22113586,31
22113699,31
22113779,31
22113816,31
22113845,31
22113872,31
22114025,31
22114242,31
22114274,31
22114535,31
22114628,31
22114787,31
22114849,31
22114853,31
22115232,31
22115263,31
22115268,31
22115277,31
22115385,31
22115484,31
22115542,31
22115623,31
22115649,31
22115680,31
22115691,31
22115811,31
22115960,31
22116087,31
22116130,31
22116319,31
22116329,31
22116430,31
22116471,31
22116491,31
22117036,31
22117225,31
22117229,31
22117287,31
22117306,31
22117478,31
22117552,31
22118066,31
22118138,31
22118153,31
22118240,31
22118279,31
22118357,31
22118368,31
22118378,31
22118553,31
22118652,31
22118683,31
22119057,31
22119133,31
22119260,31
22119428,31
22119468,31
22119470,31
22119520,31
22119534,31
22119539,31
22119551,31
22119570,31
22119745,31
22119838,31
22120019,31
22120022,31
22120027,31
22120042,31
22120054,31
22120480,31
22120512,31
22120772,31
22120781,31
22120841,31
22120860,31
22120998,31
22121010,31
22121012,31
22121103,31
22121107,31
22121315,31
22121317,31
22121411,31
22121421,31
22121439,31
22121443,31
22121450,31
22121662,31
22121977,31
22121999,31
22122194,31
22122222,31
22122233,31
22122319,31
22122463,31
22122494,31
22122536,31
22122543,31
22122738,31
22122740,31
22122746,31
22122899,31
22122941,31
22123113,31
22123117,31
22123156,31
22123416,31
22123670,31
22123993,31
22123995,31
22124044,31
22124055,31
22124075,31
22124113,31
22124123,31
22124337,31
22124353,31
22124380,31
22124887,31
22124971,31
22124979,31
22125129,31
22125160,31
22125164,31
22125243,31
22125278,31
22125319,31
22125448,31
22125468,31
22125733,31
22125748,31
22125867,31
22125899,31
22126021,31
22126027,31
22126073,31
22126140,31
22126173,31
22126280,31
22126314,31
22126386,31
22126418,31
22126426,31
22126507,31
22126513,31
22126540,31
22126576,31
22126640,31
22126671,31
22126672,31
22126803,31
22126941,31
22126951,31
22127052,31
22127087,31
22127307,31
22127388,31
22127446,31
22127671,31
22127842,31
22127921,31
22128184,31
22128195,31
22128216,31
22128225,31
22128283,31
22128311,31
22128323,31
22128843,31
22128911,31
22128926,31
22129203,31
22129239,31
22129306,31
22129338,31
22129386,31
22129497,31
22129984,31
22130025,31
22130115,31
22130125,31
22130193,31
22130402,31
22130671,31
22130699,31
22130824,31
22131542,31
22131552,31
22131558,31
22131566,31
22131686,31
22131748,31
22132242,31
22132335,31
22132337,31
22132354,31
22132523,31
22132556,31
22132564,31
22132577,31
22132698,31
22132928,31
22133912,31
22133928,31
22134105,31
22134204,31
22134213,31
22134257,31
22134359,31
22134375,31
22134430,31
22134446,31
22134680,31
22134730,31
22135005,31
22135241,31
22135357,31
22135576,31
22135580,31
22135587,31
22135612,31
22135738,31
22135754,31
22135760,31
22135843,31
22135903,31
22136051,31
22136106,31
22136108,31
22136138,31
22136210,31
22136227,31
22136230,31
22136286,31
22136309,31
22136384,31
22136399,31
22136438,31
22136447,31
22136581,31
22136586,31
22136652,31
22136676,31
22136850,31
22136896,31
22136905,31
22136925,31
22136941,31
22137032,31
22137034,31
22137117,31
22137172,31
22137352,31
22137408,31
22137419,31
22137462,31
22137463,31
22137476,31
22137644,31
22137703,31
22137748,31
22137773,31
22138018,31
22138151,31
22138468,31
22138590,31
22138779,31
22139194,31
22139205,31
22139432,31
22139639,31
22139656,31
22139671,31
22139807,31
22140291,31
22140348,31
22140393,31
22140439,31
22140443,31
22140479,31
22140520,31
22140600,31
22140659,31
22140883,31
22140905,31
22141217,31
22141268,31
22141291,31
22141339,31
22141360,31
22203430,31
22203439,31
22203499,31
22203502,31
22203508,31
22203509,31
22203519,31
22203621,31
22203831,31
22203833,31
22203976,31
22204057,31
22204071,31
22204073,31
22204095,31
22204332,31
22204391,31
22204398,31
22204526,31
22204637,31
22204741,31
22204746,31
22204822,31
22204823,31
22204829,31
22204859,31
22204873,31
22204889,31
22204949,31
22204958,31
22205054,31
22205178,31
22205197,31
22205211,31
22205220,31
22205228,31
22205337,31
22205350,31
22205370,31
22205579,31
22205590,31
22205684,31
22205689,31
22205690,31
22205702,31
22205742,31
22205775,31
22205780,31
22205957,31
22205969,31
22206096,31
22206598,31
22206607,31
22206823,31
22206952,31
22206961,31
22206971,31
22206974,31
22206978,31
22206982,31
22206992,31
22207134,31
22207543,31
22207577,31
22207727,31
22207878,31
22207891,31
22207898,31
22207913,31
22208013,31
22208034,31
22208039,31
22208239,31
22208387,31
22208390,31
22208422,31
22208423,31
22208433,31
22208434,31
22208447,31
22208453,31
22208460,31
22208469,31
22208524,31
22208526,31
22208560,31
22208587,31
22208802,31
22208811,31
22208848,31
22208854,31
22208858,31
22208863,31
22208871,31
22208912,31
22209228,31
22209526,31
22209575,31
22209612,31
22209632,31
22209896,31
22210034,31
22210048,31
22210355,31
22210362,31
22210465,31
22210500,31
22210502,31
22210509,31
22210514,31
22210537,31
22210560,31
22210664,31
22210745,31
22210765,31
22210766,31
22210930,31
22210932,31
22210956,31
22211085,31
22211091,31
22211229,31
22211237,31
22211255,31
22211487,31
22211623,31
22211646,31
22211789,31
22211914,31
22211915,31
22211923,31
22212068,31
22212309,31
22212310,31
22212324,31
22212333,31
22212334,31
22212342,31
22212347,31
22212454,31
22212571,31
22212918,31
22213034,31
22213044,31
22213163,31
22213453,31
22213465,31
22213935,31
22213957,31
22213965,31
22213983,31
22214069,31
22214129,31
22214132,31
22214139,31
22214229,31
22214393,31
22214430,31
22214690,31
22214925,31
22215003,31
22215100,31
22215101,31
22215694,31
22216140,31
22216180,31
22216283,31
22216382,31
22216388,31
22216393,31
22216517,31
22216530,31
22216629,31
22216701,31
22216789,31
22216800,31
22216809,31
22216817,31
22217449,31
22217469,31
22217471,31
22217574,31
22217583,31
22217585,31
22217590,31
22217934,31
22217943,31
22217972,31
22217996,31
22218010,31
22218040,31
22218200,31
22218203,31
22218205,31
22218281,31
22218293,31
22218300,31
22218435,31
22218622,31
22218623,31
22218792,31
22219248,31
22219591,31
22219777,31
22219781,31
22220425,31
22220721,31
22220912,31
22221160,31
22221174,31
22221361,31
22222624,31
22222791,31
22222827,31
22223174,31
22223191,31
22223561,31
22223584,31
22223749,31
22223950,31
22224201,31
22224256,31
22224824,31
22225530,31
22225553,31
22225782,31
22225792,31
22225809,31
22225817,31
22226087,31
22226228,31
22226245,31
22226360,31
22226478,31
22226688,31
22226843,31
22226872,31
22226914,31
22227038,31
22227147,31
22227259,31
22227263,31
22227336,31
22227586,31
22228584,31
22228661,31
22229175,31
22229862,31
22230313,31
22230551,31
22230562,31
22230617,31
22231004,31
22231495,31
22231594,31
22231718,31
22231722,31
22231735,31
22231814,31
22231983,31
22232069,31
22232216,31
22232404,31
22232405,31
22232494,31
22232591,31
22233030,31
22233048,31
22233265,31
22233308,31
22233319,31
22233452,31
22233458,31
22233699,31
22233889,31
22233977,31
22233983,31
22234168,31
22234339,31
22234349,31
22234413,31
22234490,31
22234619,31
22234879,31
22234931,31
22235464,31
22235469,31
22235635,31
22235650,31
22236168,31
22236622,31
22236813,31
22237041,31
22237047,31
22237298,31
22237300,31
22237313,31
22237358,31
22237390,31
22237877,31
22237888,31
22237898,31
22237978,31
22238052,31
22238205,31
22238207,31
22238407,31
22238415,31
22238473,31
22238478,31
22238497,31
22238511,31
22238805,31
22238917,31
22239127,31
22239789,31
22240210,31
22240217,31
22241152,31
22241423,31
23141617,31
23141637,31
23141767,31
23141779,31
23141848,31
23141907,31
23142056,31
23142070,31
23142099,31
23142146,31
23142287,31
23142379,31
23142399,31
23142578,31
23142584,31
23142753,31
23142802,31
23142938,31
23142954,31
23142968,31
23143040,31
23143095,31
23143179,31
23143285,31
23143431,31
23143471,31
23143702,31
23143755,31
23143876,31
23143961,31
23144357,31
23144513,31
23144584,31
23144830,31
23144832,31
23144835,31
23145080,31
23145087,31
23145188,31
23145297,31
23145361,31
23145434,31
23145499,31
23145519,31
23145554,31
23145585,31
23145600,31
23145601,31
23145830,31
23145837,31
23145845,31
23146021,31
23146327,31
23146329,31
23146332,31
23146389,31
23146604,31
23146758,31
23146767,31
23146787,31
23147048,31
23147056,31
23147093,31
23147098,31
23147191,31
23147238,31
23147278,31
23147282,31
23147298,31
23147376,31
23147551,31
23147596,31
23147610,31
23147766,31
23148101,31
23148167,31
23148220,31
23148246,31
23148312,31
23148346,31
23148394,31
23148476,31
23148487,31
23148491,31
23148551,31
23148583,31
23148592,31
23148604,31
23148746,31
23148815,31
23149044,31
23149067,31
23149417,31
23149426,31
23150019,31
23150039,31
23150250,31
23150441,31
23150447,31
23150627,31
23150873,31
23150881,31
23150955,31
23150969,31
23150980,31
23151234,31
23151448,31
23151493,31
23151621,31
23151634,31
23151725,31
23151726,31
23151868,31
23151989,31
23152169,31
23152216,31
23152362,31
23152384,31
23152652,31
23152653,31
23152657,31
23152678,31
23152772,31
23152818,31
23152843,31
23152951,31
23153120,31
23153225,31
23153238,31
23153473,31
23153478,31
23153527,31
23153586,31
23153670,31
23153785,31
23153882,31
23153892,31
23153893,31
23154092,31
23154189,31
23154215,31
23154284,31
23154334,31
23154413,31
23154435,31
23154449,31
23154451,31
23154612,31
23155122,31
23155213,31
23155235,31
23155411,31
23155549,31
23155553,31
23155770,31
23155791,31
23155811,31
23155820,31
23156029,31
23156227,31
23156341,31
23156651,31
23156719,31
23156852,31
23156880,31
23156881,31
23156913,31
23156973,31
23156988,31
23157015,31
23157159,31
23157162,31
23157406,31
23157546,31
23157554,31
23157836,31
23157861,31
23157893,31
23157895,31
23157927,31
23157934,31
23158022,31
23158029,31
23158151,31
23241541,31
23241551,31
23241662,31
23241803,31
23241816,31
23241825,31
23241954,31
23241957,31
23242208,31
23242367,31
23242600,31
23242608,31
23242669,31
23242673,31
23242786,31
23243146,31
23243601,31
23243855,31
23243868,31
23243976,31
23244092,31
23244277,31
23244280,31
23244314,31
23244325,31
23244419,31
23244481,31
23244569,31
23244956,31
23245222,31
23245465,31
23245481,31
23245808,31
23245990,31
23246148,31
23246443,31
23246621,31
23246731,31
23248307,31
23248420,31
23248442,31
23248632,31
23248725,31
23248726,31
23248969,31
23248973,31
23249152,31
23249382,31
23249437,31
23250000,31
23250012,31
23250263,31
23250594,31
23250673,31
23250804,31
23250816,31
23250832,31
23250840,31
23250842,31
23251058,31
23251063,31
23251260,31
23251310,31
23251454,31
23251462,31
23251466,31
23251547,31
23251924,31
23252141,31
23252515,31
23252617,31
23252886,31
23252904,31
23252968,31
23253073,31
23253155,31
23253198,31
23253214,31
23253253,31
23253292,31
23253342,31
23253376,31
23253392,31
23253762,31
23254056,31
23254061,31
23254375,31
23254940,31
23254949,31
23255199,31
23255257,31
23255388,31
23255390,31
23255432,31
23255442,31
23255617,31
23255734,31
23255851,31
23256045,31
23256141,31
23256167,31
23256199,31
23256243,31
23256288,31
23256397,31
23256413,31
23256455,31
23256514,31
23256621,31
23256699,31
23256741,31
23256745,31
23257036,31
23257046,31
23257192,31
23257230,31
23257318,31
23257394,31
23257436,31
23257573,31
23257576,31
23257602,31
23257684,31
23257707,31
23258090,31
23258094,31
23258109,31
24158233,31
24158305,31
24158361,31
24158387,31
24158451,31
24158494,31
24158504,31
24158674,31
24158763,31
24158764,31
24158806,31
24158823,31
24158944,31
24159112,31
24159114,31
24159201,31
24159369,31
24159485,31
24159499,31
24159649,31
24159904,31
24159921,31
24159954,31
24159955,31
24159983,31
24159994,31
24159997,31
24160194,31
24160210,31
24160269,31
24160271,31
24160356,31
24160509,31
24160512,31
24160599,31
24160652,31
24160735,31
24160831,31
24160972,31
24160982,31
24161004,31
24161019,31
24161158,31
24163332,31
24163335,31
24163364,31
24164762,31
24164934,31
24164966,31
24164970,31
24165010,31
24165016,31
24165065,31
24165072,31
24165174,31
24165202,31
24165288,31
24165313,31
24165391,31
24165395,31
24165409,31
24165442,31
24165457,31
24165511,31
24165514,31
24165518,31
24165521,31
24165591,31
24165645,31
24165646,31
24165663,31
24165686,31
24165702,31
24165704,31
24165712,31
24165754,31
24165759,31
24165773,31
24165776,31
24165786,31
24165817,31
24165878,31
24165884,31
24165917,31
24165921,31
24165933,31
24165978,31
24166010,31
24166031,31
24166061,31
24166074,31
24166089,31
24166120,31
24166130,31
24166148,31
24166152,31
24166155,31
24166156,31
24166215,31
24166230,31
24166239,31
24166241,31
24166247,31
24166263,31
24166307,31
24166334,31
24166350,31
24166352,31
24166365,31
24166411,31
24166416,31
24166431,31
24166458,31
24166477,31
24166499,31
24166509,31
24166513,31
24166530,31
24166533,31
24166542,31
24166544,31
24166558,31
24166575,31
24166607,31
24166628,31
24166706,31
24166716,31
24166757,31
24166794,31
24166818,31
24166831,31
24166857,31
24166864,31
24166941,31
24166952,31
24166965,31
24167021,31
24167033,31
24167040,31
24167043,31
24167044,31
24167059,31
24167061,31
24167062,31
24167370,31
24258232,31
24258317,31
24258560,31
24258652,31
24258781,31
24258884,31
24258956,31
24259109,31
24259173,31
24259540,31
24259891,31
24259896,31
24260003,31
24260087,31
24260254,31
24260537,31
24260637,31
24260818,31
24260970,31
24263359,31
21100670,30
21100943,30
21101207,30
21101273,30
21101283,30
21101845,30
21101881,30
21101961,30
21102039,30
21102194,30
21102279,30
21102791,30
21102834,30
21103234,30
21103351,30
21103372,30
21201932,30
21202020,30
21202564,30
22103475,30
22103739,30
22103958,30
22104662,30
22105124,30
22105837,30
22105838,30
22106139,30
22106859,30
22106890,30
22106933,30
22107225,30
22107457,30
22108165,30
22108213,30
22108276,30
22108637,30
22108750,30
22108981,30
22109178,30
22109493,30
22109499,30
22109924,30
22110394,30
22110445,30
22110899,30
22110982,30
22110993,30
22110994,30
22111390,30
22111911,30
22111969,30
22113082,30
22113516,30
22114104,30
22114243,30
22115019,30
22115240,30
22115284,30
22115861,30
22116005,30
22116285,30
22116354,30
22118267,30
22118373,30
22118730,30
22119004,30
22119758,30
22119887,30
22120074,30
22121003,30
22121097,30
22121143,30
22122266,30
22122772,30
22123121,30
22123427,30
22124046,30
22124382,30
22124540,30
22124586,30
22125275,30
22125335,30
22125495,30
22125689,30
22125878,30
22125895,30
22125896,30
22126109,30
22126622,30
22126919,30
22127081,30
22127673,30
22128342,30
22128823,30
22129207,30
22129986,30
22130051,30
22131409,30
22131574,30
22131633,30
22132243,30
22132350,30
22132500,30
22133622,30
22134292,30
22134380,30
22134645,30
22135331,30
22135570,30
22135921,30
22137409,30
22137669,30
22137715,30
22137929,30
22138633,30
22139202,30
22139567,30
22139782,30
22139904,30
22139928,30
22140128,30
22140300,30
22140590,30
22141370,30
22203436,30
22203715,30
22203804,30
22203978,30
22204083,30
22204224,30
22204345,30
22204505,30
22204515,30
22205078,30
22205960,30
22205964,30
22206111,30
22206234,30
22207121,30
22207566,30
22208510,30
22208523,30
22208616,30
22208799,30
22209553,30
22209899,30
22210515,30
22210960,30
22211648,30
22211927,30
22213134,30
22213623,30
22213721,30
22214059,30
22214428,30
22214461,30
22216526,30
22216819,30
22217445,30
22217604,30
22217742,30
22217800,30
22217881,30
22218039,30
22218331,30
22218591,30
22220737,30
22220748,30
22220909,30
22222653,30
22223467,30
22223482,30
22223947,30
22224230,30
22224510,30
22225936,30
22226848,30
22226854,30
22226856,30
22226864,30
22227144,30
22227247,30
22227398,30
22227899,30
22228598,30
22230277,30
22230312,30
22231478,30
22233039,30
22233425,30
22233545,30
22233636,30
22233685,30
22233882,30
22234276,30
22234491,30
22235458,30
22238509,30
22239235,30
22240201,30
22240206,30
23142086,30
23142187,30
23142745,30
23143393,30
23143741,30
23144110,30
23144589,30
23145138,30
23145438,30
23146063,30
23146584,30
23146593,30
23147297,30
23147528,30
23148011,30
23148241,30
23148269,30
23148575,30
23148673,30
23148933,30
23149124,30
23149695,30
23149927,30
23149936,30
23151333,30
23153518,30
23153650,30
23153810,30
23154150,30
23154543,30
23154734,30
23154850,30
23155639,30
23155703,30
23156267,30
23157117,30
23241546,30
23243904,30
23244139,30
23244558,30
23244901,30
23245634,30
23245635,30
23246405,30
23248421,30
23248463,30
23248466,30
23250177,30
23250677,30
23251090,30
23251922,30
23252271,30
23252461,30
23252980,30
23253076,30
23254579,30
23255249,30
23255581,30
23257023,30
24158287,30
24158365,30
24158703,30
24159020,30
24159180,30
24160112,30
24160237,30
24164952,30
24165039,30
24165177,30
24165236,30
24165371,30
24165515,30
24165539,30
24165582,30
24165757,30
24165976,30
24166072,30
24166158,30
24166243,30
24166326,30
24166368,30
24166473,30
24166487,30
24166779,30
24166803,30
24166968,30
24166980,30
24167122,30
24167457,30
24167520,30
24258732,30
24259265,30
24259851,30
24260173,30
24260702,30
21100650,29
21101138,29
21101415,29
21101692,29
21101803,29
21101805,29
21102184,29
21102246,29
21102700,29
21202454,29
22103567,29
22103669,29
22103676,29
22103852,29
22104415,29
22104697,29
22105429,29
22105562,29
22105661,29
22106322,29
22106550,29
22108274,29
22109648,29
22110141,29
22110178,29
22110321,29
22110452,29
22110846,29
22111028,29
22111495,29
22111767,29
22112164,29
22112255,29
22112286,29
22112380,29
22112629,29
22113399,29
22114541,29
22114637,29
22114740,29
22115581,29
22115804,29
22115957,29
22117057,29
22117169,29
22118689,29
22119438,29
22121299,29
22121827,29
22122363,29
22124344,29
22127685,29
22127952,29
22128253,29
22128906,29
22128914,29
22130593,29
22130715,29
22131390,29
22131426,29
22132113,29
22134197,29
22134516,29
22135929,29
22136330,29
22137620,29
22138013,29
22138358,29
22138443,29
22138747,29
22139780,29
22140125,29
22140165,29
22204067,29
22204229,29
22204832,29
22204907,29
22205715,29
22205760,29
22205792,29
22207542,29
22207587,29
22208055,29
22208605,29
22211922,29
22212343,29
22213533,29
22213985,29
22215395,29
22215410,29
22215946,29
22216363,29
22216499,29
22216502,29
22217460,29
22217580,29
22218035,29
22218340,29
22224200,29
22224283,29
22227506,29
22228684,29
22230996,29
22231481,29
22232296,29
22232478,29
22233304,29
22233832,29
22233834,29
22237215,29
22237320,29
22237901,29
23142950,29
23145056,29
23145140,29
23145296,29
23145541,29
23145980,29
23146105,29
23146579,29
23149861,29
23150322,29
23152240,29
23152386,29
23152406,29
23152852,29
23153135,29
23153170,29
23155375,29
23155653,29
23155792,29
23155968,29
23156718,29
23241962,29
23242759,29
23243871,29
23244085,29
23244148,29
23244906,29
23245534,29
23245636,29
23246793,29
23248970,29
23250434,29
23252256,29
23254101,29
23256446,29
23257045,29
23257592,29
24159013,29
24160073,29
24160267,29
24160285,29
24160752,29
24164947,29
24165126,29
24165172,29
24165237,29
24165392,29
24165499,29
24165506,29
24165604,29
24165634,29
24165647,29
24165764,29
24166006,29
24166184,29
24166206,29
24166338,29
24167133,29
24167461,29
24167523,29
24258684,29
24259802,29
24259871,29
21100595,28
21100690,28
21100962,28
21101087,28
21102713,28
21102788,28
21103143,28
21103160,28
21103209,28
21201907,28
22103693,28
22104324,28
22106875,28
22107203,28
22109008,28
22109296,28
22110693,28
22111299,28
22111334,28
22112093,28
22112811,28
22115288,28
22115541,28
22115609,28
22116142,28
22116325,28
22116454,28
22117335,28
22118150,28
22119192,28
22119286,28
22119567,28
22120018,28
22121346,28
22122567,28
22126137,28
22128245,28
22130727,28
22133382,28
22134454,28
22134657,28
22135198,28
22135311,28
22135390,28
22136014,28
22136458,28
22136768,28
22137072,28
22137235,28
22138132,28
22139276,28
22139920,28
22203979,28
22204915,28
22205330,28
22208065,28
22208385,28
22208455,28
22208612,28
22209605,28
22210084,28
22210933,28
22211938,28
22212243,28
22213628,28
22213979,28
22215787,28
22216159,28
22216983,28
22218348,28
22218455,28
22218486,28
22218805,28
22221173,28
22223485,28
22226238,28
22226591,28
22227499,28
22230552,28
22232489,28
22232759,28
22232784,28
22233675,28
22238065,28
23143346,28
23145085,28
23146484,28
23147832,28
23148185,28
23149527,28
23150228,28
23152531,28
23155512,28
23155692,28
23155773,28
23156121,28
23156792,28
23242639,28
23244575,28
23248896,28
24158310,28
24158863,28
24159106,28
24159709,28
24159834,28
24160730,28
24160745,28
24163363,28
24165003,28
24165088,28
24165135,28
24165401,28
24165902,28
24166011,28
24166306,28
24166328,28
24166346,28
24166351,28
24166982,28
24259092,28
24260645,28
21100871,27
21101186,27
21101448,27
21202025,27
21203104,27
22104653,27
22107418,27
22108291,27
22108302,27
22109261,27
22109477,27
22111129,27
22111554,27
22111987,27
22113389,27
22115489,27
22118551,27
22119429,27
22121594,27
22123275,27
22123852,27
22126966,27
22127838,27
22129192,27
22133592,27
22135056,27
22137079,27
22140585,27
22141013,27
22141324,27
22203535,27
22204739,27
22206242,27
22206949,27
22207000,27
22207113,27
22208393,27
22208520,27
22208564,27
22209462,27
22210079,27
22212643,27
22217296,27
22219369,27
22220734,27
22221154,27
22228529,27
22233063,27
22238798,27
22239880,27
23143005,27
23143106,27
23144537,27
23145073,27
23148315,27
23153060,27
23155239,27
23157275,27
23157772,27
23242333,27
23244293,27
23246940,27
23248452,27
24160278,27
24160349,27
24160764,27
24160845,27
24164898,27
24165162,27
24165219,27
24165492,27
24165504,27
24165829,27
24165875,27
24166384,27
24166408,27
24258446,27
21100731,26
21100880,26
21102307,26
22106140,26
22107695,26
22109188,26
22110260,26
22110634,26
22110869,26
22114254,26
22118054,26
22118514,26
22118694,26
22119314,26
22119467,26
22123031,26
22126359,26
22127931,26
22129234,26
22129518,26
22130190,26
22130659,26
22134587,26
22135577,26
22135987,26
22138843,26
22139693,26
22207596,26
22208258,26
22208472,26
22208613,26
22209901,26
22212318,26
22216830,26
22217001,26
22218013,26
22226086,26
22237359,26
22239790,26
22241146,26
23142826,26
23144228,26
23145161,26
23148685,26
23153805,26
23154445,26
23156538,26
23157791,26
23157857,26
23246349,26
23255850,26
23255925,26
24160390,26
24166377,26
24166906,26
24167515,26
21102591,25
22107771,25
22110572,25
22115624,25
22120039,25
22123077,25
22139678,25
22205710,25
22212655,25
22214474,25
22216555,25
22216703,25
23151787,25
23244614,25
23244889,25
23253360,25
23256040,25
23256146,25
23257438,25
24159310,25
24159608,25
24164941,25
24165731,25
24166598,25
168,24
21102741,24
22105173,24
22106726,24
22115965,24
22118520,24
22118988,24
22134160,24
22134772,24
22134814,24
22136316,24
22138264,24
22138310,24
22140191,24
22207910,24
22208021,24
22208050,24
22219771,24
22221191,24
22239421,24
23141909,24
23145122,24
23146972,24
23148812,24
23156324,24
23157922,24
23241690,24
23243506,24
23246146,24
23256845,24
24159054,24
24160568,24
24161331,24
24166171,24
24166432,24
24167391,24
24261104,24
24265121,24
21203300,23
22105491,23
22105660,23
22107934,23
22128812,23
22132022,23
22207139,23
22207754,23
22211787,23
22215526,23
23142286,23
23144948,23
23151119,23
23156691,23
23247205,23
23251285,23
24166071,23
24166798,23
22104032,22
22105018,22
22108693,22
22208062,22
22238061,22
22238806,22
23144167,22
23156856,22
23158161,22
23255853,22
24161186,22
22114257,21
22134766,21
22140059,21
22210075,21
24166195,21
24264861,21
22112826,20
22115981,20
22128623,20
22138118,20
22210937,20
23157865,20
23252265,20
22122991,19
22206481,19
22214057,19
22209546,18
22232943,18
22109731,17
22115628,17
22205084,17
24165443,17
24166616,17
24258727,17
21102697,16
21103359,16
21100341,15
22111421,15
24166686,15
24167064,15
24164765,14
24166789,14
24159184,13
24167389,12
22121838,10
22233418,10
23142021,10
24160760,7
24166236,5
24259699,5
24265120,5
24161054,4
23153148,2
24166018,1
